Ticker,Last,Change %,Gap %,Relative Volume,Shares Float,Exponential Moving Average (200),Simple Moving Average (200),Pre-market Change %,Change from Open,Change from Open %,Change,Volume,Average Volume (30 day)
GWGH,6.2327,8.394783,8.394783,0.06852601,1614289,6.0381894,6.056589,,0,0,0.4827,825,4573.3667
UONE,2.3001,7.9859157,7.9859157,0.10208248,26067330,2.609014,2.5869365,,0,0,0.1701,100,2494.2666
EVFM,3.4837,7.8544893,7.8544893,0.057954215,25087796,3.4841897,3.494037,,0,0,0.2537,100,26652.467
DNJR,6.1,7.764332,7.764332,0.48146364,3695500,6.615996,6.6369915,,0,0,0.4395,100,2072.5667
OHAI,1.3,10.77028,7.3619633,3.6767104,17916598,1.3074914,1.318039,,0.04,3.1746032,0.1264,13984,25944.7
FTEO,14.6,7.1166544,7.1166544,0.5263158,2400000,17.636505,16.93718,,0,0,0.97,100,993.3
FTFT,1.0999,6.776041,6.776041,0.66050196,11250278,1.1312253,1.1219445,,0,0,0.0698,2000,254943.03
MYOS,1.2,8.342361,6.536656,0.45045045,4323481,1.2047505,1.2257775,,0.02,1.6949153,0.0924,2100,34972.9
DLHC,5.32,6.187625,6.187625,0.18932223,9184287,5.1310267,5.1498513,,0,0,0.31,100,10184.333
ELLO,8.85,5.9816775,5.9816775,0.38114598,2979847,8.112214,8.056686,,0,0,0.4995,300,2685.5
MXC,3.93,5.645161,5.376344,0.2631579,842402,4.1306844,4.1320944,,0.01,0.25510204,0.21,200,11598.267
EPIX,3.15,5.3511705,5.3511705,0.19516003,5723530,3.1735184,3.282187,,0,0,0.16,300,3276.7334
ASFI,4.265,5.308642,5.308642,0.330033,2715456,4.021572,3.9818234,,0,0,0.215,100,4151.533
EMITF,1.88,5.027933,5.027933,0.27027026,9190808,1.7647723,1.7500255,,0,0,0.09,100,16684.934
OPHC,4.18,4.898615,4.898615,0.37037036,1168487,4.718186,4.708354,,0,0,0.1952,115,7215.3335
ISDR,12.414,4.319328,4.319328,0.3030303,2685421,12.053904,11.969957,,0,0,0.514,100,10965.566
ONCY,2.4587,4.1822033,4.1822033,0.48875856,16873192,2.3565292,2.3784256,,0,0,0.0987,500,52519.035
BIOL,1.2922,3.1120331,4.1334186,0.452796,14223814,1.2766222,1.2769525,,-0.0128,-0.9808429,0.039,2200,20368.166
NTN,2.6925,3.957529,3.957529,0.10043186,2065794,3.2426252,3.265125,,0,0,0.1025,500,7605.3
DOTAU,11,3.7735848,3.7735848,0.17442659,5750000,10.675512,10.627795,,0,0,0.4,254,1344.4
ELOX,14.73,0.5460751,3.7542663,0.40257648,24432442,15.751126,15.997166,,-0.47,-3.0921052,0.08,2635,35023.234
ISNS,5.98,3.7294016,3.7294016,0.89047194,3394731,5.745532,5.7000947,,0,0,0.215,100,5795.933
COHN,9.0027,3.717742,3.717742,0.7132668,235047,9.538293,9.727253,,0,0,0.3227,100,2735.4
AFH,9.8866,3.5246074,3.5246074,1.5237266,9978254,10.08949,10.158197,,0,0,0.3366,350,19850.2
WHLM,6.25,3.4768212,3.4768212,0.3875969,3344247,6.007773,5.897462,,0,0,0.21,100,1638.2667
CART,7.77,3.4620507,3.4620507,0.07706474,6586959,8.243154,8.266888,,0,0,0.26,100,3962.2334
BNSO,2.45,5.1502147,3.4334764,1.369338,1266669,2.5411785,2.5076535,,0.04,1.659751,0.12,393,19924.367
MARPS,2.72,3.4220533,3.4220533,0.28045386,1611634,3.1578462,3.208883,,0,0,0.09,131,3965.3667
UONEK,2.19,3.3018868,3.3018868,1.2285012,26067330,2.1686275,2.148421,,0,0,0.07,200,21788.434
PRT,10.5945,2.066474,3.1791906,0.22529288,6084268,10.479521,10.481653,,-0.1155,-1.0784314,0.2145,300,56200.535
EDNT,6.24,3.1404958,3.1404958,2.3623908,3963930,6.128457,6.1309233,,0,0,0.19,1000,8080.7
HFFG,12.84,3.1325302,3.1325302,0.5109862,0,12.323359,12.234917,,0,0,0.39,100,8412
FNCB,9.27,1.8681319,3.1318681,0.37348273,14038214,9.261994,9.243122,,-0.115,-1.2253596,0.17,200,2342.2666
KPFS,6.89,2.9895365,2.9895365,0.90909094,12970380,,,,0,0,0.2,200,
PRTS,1.07,4.901961,2.9411764,4.85219,23669504,1.0567099,1.070791,,0.02,1.9047619,0.05,9881,164820.14
ENTX,5.3,2.812803,2.812803,0.6557377,7313200,5.4057837,5.482351,,0,0,0.145,200,3034.9666
NEW,5.94,2.413793,2.7586207,0.4054054,7200000,5.98852,6.016991,,-0.02,-0.33557048,0.14,1179,124309.836
PESI,3.03,2.7118645,2.7118645,0.10327378,11229801,3.465006,3.5028036,,0,0,0.08,100,8358.934
OPGN,1.1444,2.7012475,2.7012475,0.18248175,8263320,1.176974,1.166361,,0,0,0.0301,500,131150.03
INOD,1.54,2.6666667,2.6666667,0.06475007,21707664,1.4892749,1.486127,,0,0,0.04,100,52768.367
BCOM,9.18,2.5698323,2.5698323,0.6158219,10518551,9.608058,9.731385,,0,0,0.23,130,1474
CKPT,2.1,2.9967139,2.5062535,0.23219815,20862408,2.2480943,2.276515,,0.01,0.4784689,0.0611,788,47483.867
VTSI,3.75,2.4590163,2.4590163,0.1409046,7542836,3.8939934,3.9244726,,0,0,0.09,100,16579.633
GVP,2.8673,2.4035714,2.4035714,0.20947246,14126829,2.9895833,2.975545,,0,0,0.0673,500,8463.467
ISIG,1.79,2.2857144,2.2857144,0.5,7812355,1.7782869,1.7946795,,0,0,0.04,100,12202.467
MFCB,4.32,2.2485206,2.2485206,0.4904365,6168569,4.4698014,4.423299,,0,0,0.095,100,8932.833
MUDSU,10.45,2.2404852,2.2404852,0.21978022,20800000,10.277074,10.275276,,0,0,0.229,100,8072.967
APVO,2.39,2.1367521,2.1367521,0.10506409,17567304,2.504271,2.5302715,,0,0,0.05,100,82403.5
PRTH,8.74,8.571428,2.1118011,0.65940964,5406243,9.734594,9.95781,,0.52,6.326034,0.69,630,3901.6
KBSF,3.9283,2.0602753,2.0602753,0.2043736,927421,4.1279073,4.1523356,,0,0,0.0793,100,53231.133
CPHC,14.8984,2.0438356,2.0438356,0.8154397,2795650,15.056904,15.083293,,0,0,0.2984,100,2294.9333
MHH,6.3,2.0242915,2.0242915,0.20100503,2903378,6.255139,6.2525735,,0,0,0.125,100,18307.732
PIH,5.1,2,2,0.12048193,5155538,5.6718965,5.900036,,0,0,0.1,400,5730.6333
IDSA,1.57,1.9480519,1.9480519,0.2052124,4311896,1.7899531,1.83358,,0,0,0.03,100,8862.934
LEDS,3.7,1.9283746,1.9283746,0.5742474,849475,3.8260348,3.7939606,,0,0,0.07,454,80569.7
LEVB,3.81,1.8716577,1.8716577,0.12482836,6219673,3.850718,3.8207655,,0,0,0.07,258,116894.234
GTIM,4.39,1.8561485,1.8561485,0.33392698,11453592,3.9093955,3.8407135,,0,0,0.08,227,22049.334
HGSH,1.31,1.842494,1.842494,1.1094675,13570000,1.3078816,1.3216255,,0,0,0.0237,135,48143.9
ATLC,3.36,1.8181819,1.8181819,0.32237267,6447193,3.4348092,3.5049174,,0,0,0.06,100,7021.7
NRT,6.88,1.925926,1.7777778,0.16923337,9149721,6.8106494,6.7774005,,0.01,0.14556041,0.13,321,16905.066
HJLI,1.97,3.6842105,1.768421,0.20460778,5106145,1.9194703,1.911657,,0.0364,1.882499,0.07,373,33221.668
QUMU,2.3403,1.7521739,1.7521739,0.44189128,8898969,2.3826149,2.3958864,,0,0,0.0403,1846,16296.7
JSYN,10.63,1.722488,1.722488,0.12933265,2078769,10.599919,10.544817,,0,0,0.18,100,3709.2334
SYNC,1.78,1.7142857,1.7142857,0.047473468,36467264,1.6612908,1.6721275,,0,0,0.03,191,92066
DOTA,10.14,1.7051153,1.7051153,0.09513541,5750000,10.08469,10.092103,,0,0,0.17,300,42613.867
HSON,1.423,1.6428572,1.6428572,3.3898306,29907652,1.4721146,1.4755305,,0,0,0.023,500,16172.767
DVCR,3.8623,1.6394737,1.6394737,0.060222823,3068160,5.1677547,5.3428984,,0,0,0.0623,400,8475.634
CAW,2.38,1.6312238,1.6312238,1.3675214,5987219,2.578294,2.704748,,0,0,0.0382,400,2185.0334
MTSL,1.81,1.6282988,1.6282988,0.18079913,1596301,1.769381,1.7605284,,0,0,0.029,100,825446.44
DYNT,2.5,1.6260163,1.6260163,0.058510326,4867884,2.8222983,2.829232,,0,0,0.04,400,3076.9666
AMRK,11.99,1.6101695,1.6101695,0.3448276,3990345,12.729915,12.720607,,0,0,0.19,100,9862.767
EEI,10.78,1.5840707,1.5840707,0.23889154,2498958,11.973322,12.305762,,0,0,0.1681,100,2752
NEWA,8.65,1.6307924,1.5720463,0.49261084,6009000,8.430798,8.391333,,0.005,0.0578369,0.1388,2409,29059.232
STRO,10.24,1.6377171,1.5384616,2.2857144,16258375,10.610331,10.65862,,0.01,0.097751714,0.165,800,48329.9
TWMC,1.03,1.5378549,1.5378549,3.0187266,12890750,1.0727255,1.113916,,0,0,0.0156,1209,15039.7
NVIV,2,1.010101,1.5151515,3.5353534,9292389,1.9554045,1.9439315,,-0.01,-0.49751243,0.02,1050,267472.22
BSGM,4.02,1.5151515,1.5151515,0.032357223,10647009,3.957196,3.8609526,,0,0,0.06,100,48863.566
WVVI,7.3087,1.5097222,1.5097222,0.13260841,3723228,7.4082894,7.3762827,,0,0,0.1087,275,4130.5
SHSP,12.18,1.5,1.5,0.078610174,6278660,12.795182,12.911222,,0,0,0.18,100,31036.867
PPSI,5.2236,1.4291263,1.4291263,0.7449237,3330295,5.055646,4.9668465,,0,0,0.0736,620,3666.7666
ZKIN,1.7,1.4259292,1.4259292,0.5885815,4247512,1.9799414,2.0357125,,0,0,0.0239,100,21452.133
UUU,1.2611,1.3827478,1.3827478,0.16283993,1324438,1.2238225,1.2217865,,0,0,0.0172,200,287840.28
HEBT,1.1377,4.857143,1.3824885,0.17195056,7291177,1.2571248,1.279425,,0.0377,3.4272728,0.0527,1100,13555.866
KMDA,5.19,1.3671875,1.3671875,0.034553055,31879224,5.3526087,5.3691993,,0,0,0.07,1000,7587.9
PACQU,10.41,1.5609756,1.3658537,0.03640335,41400000,10.306749,10.295963,,0.02,0.19249278,0.16,500,43719.734
AIHS,4.48,1.3574661,1.3574661,0.13629548,8106650,4.451789,4.478028,,0,0,0.06,200,13059.533
MYND,1.4189,1.35,1.3571428,0.4509864,4881273,1.4454978,1.474008,,-0.0001,-0.0070472164,0.0189,900,332815.34
VERU,1.49,0.6756757,1.3513514,1.9169695,41874096,1.3798165,1.362045,,-0.01,-0.6666667,0.01,4008,51033.133
XBIO,2.98,2.7586207,1.3275862,0.7099751,3326038,2.8710072,2.8685496,,0.0415,1.4122852,0.08,1000,71207.2
FLL,2.28,0.88495576,1.3274336,0.10205123,24089450,2.513204,2.5403905,,-0.01,-0.4366812,0.02,287,33913.668
IFMK,1.074,1.3207548,1.3207548,0.17587055,5375712,1.1305735,1.134886,,0,0,0.014,143,161135.9
PRTO,1.7678,1.3065902,1.3065902,0.5336617,17365142,1.7175127,1.692405,,0,0,0.0228,130,24856.166
INVE,5.14,1.5810276,1.284585,0.91625077,14755146,5.5294228,5.5793157,,0.015,0.29268292,0.08,1175,15041.767
SDI,14.6767,1.2186207,1.2413793,5.88697,15548680,14.978038,14.6644,,-0.0033,-0.022479564,0.1767,1500,10939.167
RKDA,4.2,1.4492754,1.2077295,0.81705856,3108714,4.083602,4.0582986,,0.01,0.23866348,0.06,205,103998.266
GNPX,1.29,1.1764706,1.1764706,0.18234865,6281875,1.2859211,1.2871845,,0,0,0.015,100,31088.033
CIX,13.81,1.17142,1.17142,0.7091809,1637428,13.427476,13.503692,,0,0,0.1599,258,1226.4333
TPNL,3.672,1.1570247,1.1570247,0.2664535,25572712,3.7579236,3.749699,,0,0,0.042,100,84357.234
OSMT,6.72,2.2831051,1.1415526,2.2538486,9942671,7.2129645,7.2167034,,0.075,1.1286682,0.15,5139,
PHII,4.48,1.1286682,1.1286682,0.052831784,11394814,4.5480165,4.392127,,0,0,0.05,100,14938.267
STLR,10.599,2.0606644,1.1083293,1.1641444,2654062,10.464645,10.45249,,0.0989,0.9418958,0.214,300,4746.433
OSS,2.8,1.0830325,1.0830325,0.35714287,5839291,2.7765262,2.856421,,0,0,0.03,100,20978.834
CCIH,1.48,1.0721847,1.0721847,2.7497709,25327864,1.4416761,1.463906,,0,0,0.0157,3000,265758.47
PFMT,1.415,1.0714285,1.0714285,0.26198584,33241584,1.4874787,1.5214425,,0,0,0.015,168,14758.533
PRAN,1.6069,1.062893,1.062893,0.1878287,44143532,1.7080804,1.6998285,,0,0,0.0169,100,30604.334
RDVT,7.3299,1.3256843,1.0505944,0.95984155,3434639,6.825419,6.8431845,,0.0199,0.27222982,0.0959,300,23379.967
FLGT,3.245,1.0273973,1.0273973,0.047263447,5511211,3.3224468,3.3458846,,0,0,0.033,100,14553.667
DVD,1.97,1.0256411,1.0256411,0.025067054,15397967,2.0018482,1.999025,,0,0,0.02,100,15677.634
TAIT,1.79,1.0158013,1.0158013,0.2962963,3052345,1.8345102,1.8478425,,0,0,0.018,100,36977.266
GEC,3.7,1.7881706,0.96286106,0.07467702,23383952,3.4838383,3.457617,,0.03,0.8174387,0.065,946,42840.3
STKS,2.81,0.93390805,0.93390805,0.045454547,17924364,3.0028443,3.0152235,,0,0,0.026,100,13566.733
SMSI,2.16,0.4651163,0.9302326,3.211046,17481620,2.2456207,2.2892795,,-0.01,-0.4608295,0.01,10372,176934.4
ATAI,1.09,0.9259259,0.9259259,1.0257648,33907500,1.0417252,1.023988,,0,0,0.01,1700,225493.3
ALT,3.28,0.9199717,0.9199717,2.2747676,8203540,3.2790828,3.2858386,,0,0,0.0299,1419,749454.44
RNN,1.13,0.89285713,0.89285713,0.0383318,36775544,1.1146373,1.1096935,,0,0,0.01,775,254723.47
NES,9.13,0.8839779,0.8839779,0.57251906,6282621,9.748811,9.749884,,0,0,0.08,100,5731.8667
SOL,1.69,0.8533747,0.8533747,0.13157895,0,1.597471,1.590185,,0,0,0.0143,100,53448.965
EFOI,1.19,0.84745765,0.84745765,0.16173379,9231612,1.130522,1.0898565,,0,0,0.01,100,38961.035
APDN,1.13,1.2907852,0.84259593,0.6769564,26721488,1.1241444,1.111638,,0.005,0.44444445,0.0144,2000,100362.2
ATOM,3.66,2.2346368,0.83798885,0.3182433,13038972,3.6034942,3.6061835,,0.05,1.3850416,0.08,400,76194.53
IDSY,6.02,0.83752096,0.83752096,0.15384616,13788290,6.114652,6.0626283,,0,0,0.05,100,18116.334
DTEA,2.07,0.92637736,0.8239883,0.4202666,13955546,2.0586805,2.077226,,0.0021,0.1015523,0.019,3692,586372.56
LPTH,1.84,0.82191783,0.82191783,1.3471037,20702544,1.8242778,1.825001,,0,0,0.015,300,65891.63
CNET,1.7,3.030303,0.8121212,0.3253302,10537482,1.7768816,1.783291,,0.0366,2.2003126,0.05,400,718150.56
CNFR,5,0.8064516,0.8064516,0.20842017,4522417,5.3178506,5.3677263,,0,0,0.04,100,2916.9666
TOPS,1.1499,0.78001755,0.78878176,2.9643257,19354452,1.1358706,1.139148,,-0.0001,-0.008695652,0.0089,10312,4542516.5
LAZY,5.1,0.78852195,0.78852195,0.776699,7899015,5.1237392,5.075619,,0,0,0.0399,200,14178.2
NMRKV,8.96,0.78740156,0.78740156,0.0900009,23006908,9.250541,9.293573,,0,0,0.07,100,173501.7
ROSE,3.9,1.5625,0.78125,0.62149835,8713632,3.9771128,3.9921515,,0.03,0.7751938,0.06,954,116743.93
MAGS,5.13,0.7522046,0.7522046,0.17995322,13174888,5.263578,5.3167043,,0,0,0.0383,200,20286.268
USAS,1.34,0.7518797,0.7518797,0.8888889,42748496,1.4166873,1.436947,,0,0,0.01,200,84229.9
HFBC,14.76,0.75085324,0.75085324,0.23041475,5791605,15.608751,15.765017,,0,0,0.11,100,6502
ALPN,4.835,0.7291667,0.7291667,1.447015,9937266,4.9530873,4.9899054,,0,0,0.035,1401,12909.1
STON,3.49,0.7215007,0.7215007,0.35211268,31821956,3.5877328,3.62992,,0,0,0.025,100,66814.57
SLGL,7.07,1,0.71428573,0.17909913,5336032,6.880703,6.869163,,0.02,0.28368795,0.07,200,11631.1
EVOL,1.43,0.70422536,0.70422536,0.063015945,8168996,1.5143424,1.5047106,,0,0,0.01,100,17008.7
MACK,4.31,0.46620047,0.6993007,5.614618,12802053,4.448854,4.4772005,,-0.01,-0.23148148,0.02,1521,149465.36
AWX,2.9,0.6944444,0.6944444,1.2083132,2124703,2.9634545,2.9899805,,0,0,0.02,400,272440.97
OBCI,3.72,0.68748987,0.68748987,0.19607843,3557887,3.680412,3.717977,,0,0,0.0254,100,10393.967
GSB,4.46,0.6772009,0.6772009,0.036931712,10751282,4.4302955,4.467206,,0,0,0.03,200,36970.367
VRCA,11.365,0.6643047,0.6643047,0.4411116,13096575,12.095168,12.157052,,0,0,0.075,100,39488.566
PANL,3.07,0.9868421,0.65789473,0.34188035,24184944,3.2441657,3.271779,,0.01,0.3267974,0.03,280,15820.866
RNWK,2.32,0.6507592,0.6507592,0.049312096,24046984,2.2683325,2.263202,,0,0,0.015,300,90140.6
INPX,4.82,0.49832156,0.64427346,1.4216708,1404608,4.783769,4.831236,,-0.007,-0.14501761,0.0239,1501,464129.4
HAIR,1.59,0.6329114,0.6329114,0.88419145,38202256,1.6452397,1.6581655,,0,0,0.01,1075,183996.14
SAMG,14.3,0.6333568,0.63265306,0.18040772,6579078,14.279356,14.374932,,0.0001,0.0006993056,0.09,500,11716.767
TBLTU,4.78,0.6315789,0.6315789,1.5873016,7028531,,,,0,0,0.03,100,
XTNT,3.21,0.9433962,0.6289308,2.8985507,13037597,3.1500356,3.1286786,,0.01,0.3125,0.03,1000,6533.967
TIS,1.58,1.2820513,0.6217949,3.8056393,9792286,1.524198,1.527703,,0.0103,0.6561763,0.02,13902,818709.1
CHNR,1.6285,1.1490684,0.621118,1.7896361,9448397,1.7906907,1.8373225,,0.0085,0.52469134,0.0185,1972,25536.066
NHLD,3.25,0.61919504,0.61919504,0.14827995,12134128,3.1201835,3.134535,,0,0,0.02,1000,8601.033
CATS,9.95,0.100603625,0.6036217,0.4943154,4898418,9.727681,9.601997,,-0.05,-0.5,0.01,300,57808.133
RENN,1.67,0.60240966,0.60240966,3.1088653,28498196,1.5992436,1.5989085,,0,0,0.01,3107,229419.86
LYTS,4.22,0.7159904,0.5966587,0.5474026,25239118,4.206214,4.1853533,,0.005,0.118623964,0.03,1078,76589.63
TESS,11.85,0.5942275,0.5933786,0.5181347,6129742,11.4506855,11.38959,,0.0001,0.00084388896,0.07,715,17015.268
GSUM,4.28,0.5875441,0.5875441,0.11904762,29437814,4.263995,4.2645106,,0,0,0.025,200,61043.035
MKGI,1.38,0.58309036,0.58309036,1.5503876,5459924,1.4505817,1.4337305,,0,0,0.008,100,10992.267
LMB,4.4,0.5714286,0.5714286,0.1284257,4471256,4.662025,4.636498,,0,0,0.025,209,42908.934
SMRT,1.7701,0.011300073,0.5650037,3.8781273,31034780,1.7183561,1.7005305,,-0.0098,-0.5505927,0.0002,18679,201097.4
PIXY,4.3399,1.0171779,0.5539779,0.14173006,3624564,4.3118267,4.3175764,,0.0199,0.46064815,0.0437,2682,76559.4
INTT,6.29,0.8659397,0.54522127,0.46620047,9205372,6.37702,6.37073,,0.02,0.31897926,0.054,200,24849
IRIX,4.75,0.52910054,0.52910054,0.3448276,10490746,4.852747,4.855361,,0,0,0.025,100,42639.332
ALTM,7.83,1.5564202,0.51880676,7.574654,37354790,7.886848,7.8570695,,0.08,1.032258,0.12,41600,479698.84
AEHR,1.94,0.5181347,0.5181347,0.44381043,19654946,1.9597424,1.957324,,0,0,0.01,100,43265.434
RCMT,3.99,0.50884175,0.50884175,2.0807323,11197811,4.040084,4.097808,,0,0,0.0202,400,11878.967
SGBX,3.3799,0.50252753,0.50252753,0.091583475,3090247,3.7523797,3.8580854,,0,0,0.0169,300,12452.066
ARDS,12.42,3.9330544,0.50209206,0.90909094,4452859,12.420553,12.451667,,0.41,3.4138217,0.47,200,2101.6
AST,1.19,0.48978212,0.48978212,0.11052777,33325548,1.1623764,1.157764,,0,0,0.0058,200,286952.66
IMH,4.15,1.2195122,0.4878049,0.4803131,12011680,4.2063046,4.202834,,0.03,0.7281553,0.05,405,27043.232
DXYN,1.3675,0.4849732,0.4849732,1.0186757,13795370,1.3700737,1.3624855,,0,0,0.0066,1500,53571.066
ULBI,7.545,0.46604526,0.46604526,0.12094823,14456921,7.3960195,7.381731,,0,0,0.035,100,23954.367
PDEX,14.3899,0.4944445,0.46022445,0.120496444,3044259,14.259424,14.323269,,0.0049,0.03406326,0.0708,200,38821.3
MCF,3.72,0.18313046,0.45243993,1.6572176,25636048,3.672823,3.650616,,-0.01,-0.2680965,0.0068,8360,336357.7
IMXI,12,0.5025126,0.41876048,2.6086957,12690239,11.939871,11.812196,,0.01,0.083402835,0.06,600,43643.4
LND,3.966,0.41268957,0.41268957,0.47619048,27350818,3.867778,3.874309,,0,0,0.0163,1000,12045
GV,2.47,0.81632656,0.40816328,0.9501188,20941704,2.5087633,2.51417,,0.01,0.40650406,0.02,600,63214.1
DGICB,12.33,0.40716612,0.40716612,0.14551805,27060548,13.695651,13.613789,,0,0,0.05,100,2240.1667
MGTX,13.2,0.47803184,0.40191212,0.24195148,27386632,12.831802,12.815165,,0.01,0.075815015,0.0628,366,25913.1
PACQ,9.84,0.49635395,0.3942235,0.86580086,41400000,9.756209,9.748109,,0.01,0.1017294,0.0486,500,90895.5
INNT,2.55,0.39370078,0.39370078,2.8582978,12948954,2.6340346,2.6534355,,0,0,0.01,2475,265411.88
DDE,2.52,0.39040715,0.38243964,3.1802895,16258641,2.4041052,2.3468904,,0.0002,0.007937138,0.0098,4350,35608.465
USWS,7.88,0.3821656,0.3821656,0.7296137,1184527,,,,0,0,0.03,100,457800.38
MDLY,5.4,0.37174723,0.37174723,0.20189784,5340086,5.513516,5.52473,,0,0,0.02,100,24366.434
IMDZ,1.355,0.37037036,0.37037036,3.0396717,47555188,1.3419412,1.3354685,,0,0,0.005,3333,655486.4
UTI,2.75,0.3649635,0.3649635,0.34381858,21521664,2.7324164,2.737838,,0,0,0.01,188,48264.133
ANIX,3.8897,0.36381462,0.36381462,0.47796863,16230530,3.936626,3.922961,,0,0,0.0141,1000,152844.86
SAEX,3.8436,0.3550914,0.3550914,0.08873115,2670424,4.004022,4.0765696,,0,0,0.0136,100,124222.164
SIC,8.69,0.34642032,0.34642032,0.8333333,13319815,8.552943,8.52087,,0,0,0.03,100,8807.934
CLCT,13.4899,0.33395314,0.33469692,0.0615574,7860776,13.561808,13.5739975,,-0.0001,-0.00074128987,0.0449,303,21077.9
ICAD,3.23,0.3292539,0.3292539,0.1010101,14021545,3.0646672,3.05659,,0,0,0.0106,100,66163.3
ACTG,3.09,0.32467532,0.32467532,7.138204,47454110,3.0436728,3.050849,,0,0,0.01,6575,105252.7
NAP,2.5482,0.32283464,0.32283464,1.8044337,8769114,2.5676718,2.550247,,0,0,0.0082,2100,98400.164
CANF,1.44,0.32046816,0.32046816,0.07887679,39934790,1.4692477,1.4618335,,0,0,0.0046,100,130774.37
PEIX,1.6,0.31347963,0.31347963,3.6542306,42753856,1.5688167,1.5730464,,0,0,0.005,3291,461801.97
MESA,12.82,0.15625,0.3125,1.1148075,22221516,13.335094,13.451414,,-0.02,-0.15576324,0.02,1575,134579.77
MGEN,3.27,0.61538464,0.30769232,4.7316833,27111852,3.2868752,3.2922895,,0.01,0.30674848,0.02,3862,173086.3
RWGE,9.88,0.81632656,0.30612245,0.032694697,30000000,9.789107,9.777371,,0.05,0.508647,0.08,1100,61730.6
MUDS,9.86,0.3051882,0.3051882,0.025252525,20800000,9.803239,9.797401,,0,0,0.03,1000,38250.8
CDXC,3.35,0.2994012,0.2994012,1.3088878,34068596,3.3946292,3.4119945,,0,0,0.01,1078,114673.766
IIJI,10.69,0.2814259,0.2814259,0.20408164,25558456,10.207992,10.020195,,0,0,0.03,100,3037.2
LPTX,3.63,0.8333333,0.2777778,0.45496967,13223852,3.7055752,3.712095,,0.02,0.55401665,0.03,1414,64385.867
HMTA,14.54,0.27586207,0.27586207,0.63941723,5504577,14.6996975,14.724755,,0,0,0.04,100,3174.1333
HIHO,3.68,0.27247956,0.27247956,0.77160496,2277798,3.809364,3.8223815,,0,0,0.01,300,7894.467
CVV,4.49,0.27245522,0.27245522,1.2344656,5317446,4.4858003,4.417695,,0,0,0.0122,100,26291.367
YGYI,6.74,0.5970149,0.2716418,0.17519271,7389617,6.778421,6.870455,,0.0218,0.32449168,0.04,1800,346586.2
HNRG,5.6,0.17889088,0.26833633,1.8488085,19474982,5.658696,5.6854987,,-0.005,-0.08920607,0.01,900,56303.035
FELP,3.74,0.2680965,0.2680965,0.24691358,29815712,3.8082962,3.8403685,,0,0,0.01,180,15915.3
ICCC,7.5,0.26737967,0.26737967,0.578369,3900363,8.031396,8.255199,,0,0,0.02,200,3718.7334
PXLW,3.81,0.2631579,0.2631579,5.3534765,31765680,3.8653738,3.8637404,,0,0,0.01,13820,254134.8
EMMS,3.84,0.2610966,0.2610966,3.9588282,10655410,4.0025625,4.036868,,0,0,0.01,2500,23068.6
MYSZ,1.0399,0.26031622,0.26031622,0.0638896,24596440,1.0604452,1.0632395,,0,0,0.0027,150,332915.8
CSS,11.74,0.25619128,0.25619128,0.27179536,8593349,11.807936,11.801704,,0,0,0.03,289,25758.8
ALRN,2.12,0.15117158,0.25510204,0.92378753,6980374,2.1272306,2.085171,,-0.0022,-0.10366601,0.0032,600,68205.164
FRAN,1.985,0.25252524,0.25252524,1.5444098,35756200,1.9785056,1.969431,,0,0,0.005,59518,1166531.9
MCEP,1.0495,0.24835227,0.24835227,2.5538435,24600148,1.0694846,1.0626734,,0,0,0.0026,3000,53753.766
IEA,8.15,0.24600247,0.24600247,3.096566,19921268,8.03108,8.039122,,0,0,0.02,1055,48860.2
PCTI,4.08,0.24570024,0.24570024,2.9214582,17013784,4.179352,4.1488585,,0,0,0.01,2388,51014.535
GLMD,8.26,0.121212125,0.24242425,0.90595984,16464365,8.402236,8.41071,,-0.01,-0.12091898,0.01,605,158277.44
XBIT,4.21,0.23809524,0.23809524,1.1069294,20270340,4.17458,4.1768427,,0,0,0.01,700,40251.4
ORN,4.34,0.23094688,0.23094688,4.3393345,27613036,4.289486,4.273306,,0,0,0.01,3977,300335.16
SBPH,11.04,0.22696324,0.22696324,0.36317414,14031207,11.644116,11.692383,,0,0,0.025,100,50762.832
NATR,8.92,0.2247191,0.2247191,0.8333333,18001108,9.052479,9.073861,,0,0,0.02,100,11139.1
PFIN,7.9731,0.2237502,0.2237502,0.14048101,2017835,8.015065,8.073252,,0,0,0.0178,125,3382.8333
PICO,9.55,0.31512606,0.21533613,3.2085335,21056164,9.663033,9.673928,,0.0095,0.0995755,0.03,3805,78403.97
CYD,14.05,0.28551036,0.21413276,1.4665984,17376080,14.036745,14.020313,,0.01,0.07122507,0.04,573,45478.668
APEN,4.09,0.21071202,0.21071202,0.63237774,14462536,3.683635,3.590353,,0,0,0.0086,300,75624.47
TIBR,9.74,0.20576131,0.20576131,0.09532525,10687500,9.649571,9.647927,,0,0,0.02,1000,17243.732
LACQ,9.76,0.2053388,0.2053388,0.08334336,21435208,,,,0,0,0.02,970,75452.63
SNDX,4.88,0.2053388,0.2053388,5.6563787,24835752,5.02897,5.1106806,,0,0,0.01,6726,341958.66
IEC,5.33,0.20303805,0.20303805,0.2071251,8908522,5.2064996,5.1807194,,0,0,0.0108,100,17309.666
SBBP,4.94,0.20283976,0.20283976,0.7864108,47029420,4.967797,4.959687,,0,0,0.01,500,669594.9
CVM,3.15,0.5201519,0.2010403,4.647672,26671372,3.1366398,3.154231,,0.01,0.31847134,0.0163,3654,288275.5
REFR,1.3527,0.2,0.2,0.0449964,22839340,1.2973944,1.2573925,,0,0,0.0027,450,43535.367
JTPY,5.05,0.1984127,0.1984127,0.06058036,7365549,5.0236692,5.0227065,,0,0,0.01,1397,416308.53
VTIQU,10.15,0.19743337,0.19743337,0.11246696,20785310,10.101922,10.099386,,0,0,0.02,200,18011.268
CDMO,5.11,0.19607843,0.19607843,4.602492,49484030,5.141221,5.1690006,,0,0,0.01,3103,208443.23
ATTO,5.14,0.390625,0.1953125,3.264809,24817868,5.164639,5.145661,,0.01,0.19493178,0.02,8576,103816.734
LHC.U,10.27,0.19512194,0.19512194,0.08928572,20000000,10.179172,10.1619215,,0,0,0.02,100,9328.634
GPAQU,10.45,0.09578544,0.19157088,0.5479452,12425000,10.276988,10.277727,,-0.01,-0.0956023,0.01,400,22906.566
HYACU,10.49,0.19102196,0.19102196,2.1872265,33000000,10.348064,10.341318,,0,0,0.02,400,95527.9
EHIC,10.54,0.3809524,0.1904762,3.8574939,20000000,10.6707735,10.712241,,0.02,0.19011407,0.04,628,82751.734
CMSSU,10.6,0.18903592,0.18903592,0.3677085,18000000,10.569586,10.547666,,0,0,0.02,11000,40930.3
VVUS,2.665,0.18796992,0.18796992,0.15353908,10351708,2.7647018,2.7785084,,0,0,0.005,100,85408.4
SPRT,2.71,0.18484288,0.18484288,2.1555948,16073185,2.7224488,2.732252,,0,0,0.005,100,30767.5
TGH,11.13,0.08992806,0.17985612,3.746554,23693508,11.155264,11.156189,,-0.01,-0.08976661,0.01,4077,116151.13
ARTX,2.82,0.17761989,0.17761989,0.58851224,23896872,2.748309,2.748835,,0,0,0.005,500,104563.7
GSIT,5.67,0.71047956,0.17761989,0.18611576,14484288,5.6559696,5.668846,,0.03,0.5319149,0.04,400,29438.5
CELP,6.4714,0.1764706,0.1764706,0.2982404,4428440,6.48293,6.403795,,0,0,0.0114,200,11725.467
ASYS,5.69,0.35273367,0.17636684,0.15516621,14736980,5.557972,5.56805,,0.01,0.17605634,0.02,302,93455.266
TIPT,5.75,0.17421603,0.17421603,3.2885907,25049304,5.707763,5.6751204,,0,0,0.01,2744,19654.666
PNTR,11.62,0.1724138,0.1724138,0.34867504,6051759,11.972859,12.101731,,0,0,0.02,100,11569.934
MFNC,14.935,0.16767271,0.16767271,1.3858093,10177632,15.500607,15.503011,,0,0,0.025,1000,6275.567
CLPS,5.99,0.16722408,0.16722408,3.6322799,3616003,5.861086,5.785972,,0,0,0.01,6873,21412.533
INAP,6.02,0.33333334,0.16666667,2.9082966,24191288,6.006766,5.999993,,0.01,0.16638935,0.02,8122,744131.7
KALA,6.03,0.16611296,0.16611296,4.5658045,32651470,6.0924487,6.0998964,,0,0,0.01,9301,289514.1
TLF,6.23,0.1607717,0.1607717,0.1,8792096,6.5349536,6.5699663,,0,0,0.01,100,15571.434
LQDT,6.44,0.15552099,0.15552099,0.05369416,25833404,6.4079323,6.393033,,0,0,0.01,2636,54045.133
AIRI,1.3,0.9395139,0.15529156,1.3087579,21254566,1.15299,1.0832883,,0.0101,0.7830064,0.0121,6245,44770.035
CPIX,6.45,0.1552795,0.1552795,3.9675174,9111470,6.3629637,6.456971,,0,0,0.01,100,17800.7
GFN,12.82,0.15468508,0.15468508,1.0643172,13865525,12.961181,12.92718,,0,0,0.0198,604,72875.8
NRCG,6.65,0.15060242,0.15060242,0.22222222,26456250,7.5982447,7.658532,,0,0,0.01,1000,65096.266
OMER,13.76,0.071999475,0.14472622,2.9100342,46094580,13.654022,13.697206,,-0.01,-0.07262164,0.0099,22212,843440.3
SSNT,2.31,0.1387203,0.1387203,0.82855004,1757793,3.4478836,3.6141255,,0,0,0.0032,1660,3052.3667
TEDU,7.24,0.1383126,0.1383126,1.2568077,15300000,7.223382,7.2277675,,0,0,0.01,300,73846.87
WVFC,14.87,0.13468014,0.13468014,0.3422156,1453098,14.930332,15.110927,,0,0,0.02,253,2359.6333
FOMX,3.88,0.5181347,0.12953368,1.9797102,48134964,3.9183013,3.940968,,0.015,0.38809833,0.02,4742,652646.4
DSPG,11.9,0.12620951,0.12620951,0.4,21480946,11.870687,11.834695,,0,0,0.015,100,97940.664
ELF,12.14,0.08244023,0.12366035,2.82655,22963416,12.146874,12.13758,,-0.005,-0.041169204,0.01,9556,613492.06
NTWK,6.53,0.12266176,0.12266176,2.0731246,10249683,6.5853524,6.583434,,0,0,0.008,1100,168927.56
MPO,8.21,0.12195122,0.12195122,2.5243285,24293822,8.339774,8.360918,,0,0,0.01,1297,114768.53
PDFS,8.37,0.23952095,0.119760476,4.542741,27539992,8.382092,8.361946,,0.01,0.119617224,0.02,5022,254562.03
VIRC,4.395,0.113895215,0.113895215,0.077712156,13135816,4.249285,4.1552367,,0,0,0.005,100,4935.7334
LFAC,9.69,0.10330579,0.10330579,8.5353365,15525000,9.616453,9.607723,,0,0,0.01,100000,60921.5
GSAH,9.85,0.101626016,0.101626016,0.07462686,2795464,9.794809,9.7837715,,0,0,0.01,200,22675.2
LKSD,9.92,0.2020202,0.1010101,5.5456595,32562974,9.949951,9.961195,,0.01,0.100908175,0.02,10585,846181.56
BRAC,10,0.1001001,0.1001001,0.31506887,14245000,9.823102,9.81343,,0,0,0.01,2200,19897.2
CMSS,10.07,0.099403575,0.099403575,2.5405388,18000000,10.056441,10.063087,,0,0,0.01,14696,169614.56
EAGL,10.1,0.099108025,0.099108025,0.17342044,32500000,10.1072235,10.11867,,0,0,0.01,646,201810.3
KBLM,10.14,0.09871668,0.09871668,1.7166792,4090688,10.017195,10.015466,,0,0,0.01,5000,11654.634
UFAB,6.23,0.09800929,0.09800929,0.38971162,8222550,6.6807404,6.762243,,0,0,0.0061,100,6357.9
TDACU,10.25,0.09765625,0.09765625,0.25015834,18650000,10.099439,10.085152,,0,0,0.01,474,29970.334
CWBC,10.41,0.09615385,0.09615385,0.042124774,5603134,10.962485,11.110855,,0,0,0.01,100,7091.067
USDP,10.42,0.09606148,0.09606148,0.16,9384370,10.394339,10.359068,,0,0,0.01,300,46363.832
HRZN,11.46,0.08733624,0.08733624,2.0662868,10913035,11.510826,11.587307,,0,0,0.01,798,107206.4
PRTA,11.48,0.08718396,0.08718396,2.2270832,39848050,11.559087,11.459251,,0,0,0.01,15170,453789.16
VUZI,5.66,0.08133819,0.08133819,3.346194,23587348,5.7348137,5.761189,,0,0,0.0046,3209,241163.7
ADTN,12.51,0.08,0.08,5.909547,47258176,12.575327,12.57527,,0,0,0.01,7657,400624
ECOR,6.41,0.07806401,0.07806401,0.09170105,13129116,6.1558356,6.119059,,0,0,0.005,100,72487.2
BOXL,2.2166,0.37130955,0.072450645,1.2452525,5224049,2.2181203,2.212724,,0.0066,0.29864255,0.0082,2000,1109714.1
BE,14.39,0.13917884,0.06958942,2.1835177,20514996,14.556585,14.558083,,0.01,0.06954103,0.02,8550,557009.7
VSI,7.22,0.13869625,0.06934813,1.4533988,19763512,7.201076,7.2338786,,0.005,0.06930007,0.01,5001,531470.8
NYNY,14.53,0.06887052,0.06887052,0.22241993,3451855,14.452496,14.403942,,0,0,0.01,100,18191.232
RCII,14.595,0.03427005,0.0685401,3.5364563,48946548,14.595865,14.595762,,-0.005,-0.034246575,0.005,9361,726970.1
BFIN,14.84,0.27027026,0.067567565,5.362226,14719613,14.821159,14.875874,,0.03,0.20256583,0.04,3353,49979.465
RBCN,8.36,0.059844404,0.059844404,0.28089887,2620716,8.024548,7.988897,,0,0,0.005,100,7562.067
DAKT,8.67,0.11547344,0.05773672,1.4561982,36533250,8.674277,8.665498,,0.005,0.057703406,0.01,1634,128615.97
HQCL,9.7,0.10319918,0.05159959,1.1825726,42229460,9.693704,9.693338,,0.005,0.051572975,0.01,570,71464.97
CCXI,10.0073,0.073,0.05,2.2425249,30668984,10.072988,10.177832,,0.0023,0.022988506,0.0073,2700,172797.8
ABIL,2.82,0.049670048,0.049670048,1.4746506,1639363,2.8368099,2.824863,,0,0,0.0014,5509,1463472.8
ARAV,5.55,0.045065343,0.045065343,0.4347826,8142527,5.750713,5.727759,,0,0,0.0025,100,56103.8
CORI,12.7,0.078802206,0.039401103,2.3236938,35822430,12.686332,12.686815,,0.005,0.039385583,0.01,109818,924896.9
RDNT,12.8,0.07818608,0.03909304,3.1480436,40061856,12.741934,12.724426,,0.005,0.039077766,0.01,3902,245291.27
STRL,12.97,0.07716049,0.038580246,3.2478828,25645104,12.9454775,12.92648,,0.005,0.038565367,0.01,2838,185201.97
CTMX,13.6,0.2210759,0.036845982,3.4872234,43831348,13.670395,13.722704,,0.025,0.18416207,0.03,18778,418630.62
RFL,8.3128,0.033694346,0.033694346,3.7313433,10577334,8.403381,8.438105,,0,0,0.0028,1250,10207.3
CTK,6.3989,0.02188355,0.02188355,0.31948882,1,6.1574554,6.0799026,,0,0,0.0014,100,66956.1
TGC,1.0201,0.009803922,0.009803922,0.21070375,10465975,1.065645,1.0615815,,0,0,0.0001,100,15452.3
AKER,1.5999,0.63530004,0.0062900996,3.4725232,12467967,1.6417615,1.6399775,,0.01,0.6289704,0.0101,3526,1250048
AHPI,1.9708,0.005074339,0.005074339,0.1490091,2226872,2.0846543,2.114299,,0,0,0.0001,500,14509.7
WEI,10.0015,0.0049995002,0.0049995002,0.06684268,4500000,10.006932,10.010266,,0,0,0.0005,291,
PBT,6.9,0.004348015,0.004348015,0.082747206,44075136,6.991082,7.0079045,,0,0,0.0003,1004,91592.8
PVL,2.48,0.0040324205,0.0040324205,1.7027073,22507762,2.5102265,2.51629,,0,0,0.0001,2000,114619.1
SPAR,7.93,0.0037832453,0.0037832453,2.1929138,31281894,7.885931,7.887208,,0,0,0.0003,2519,437801.06
CRT,14.1695,0.0028230445,0.0028230445,3.8461537,6000000,14.383345,14.385878,,0,0,0.0004,2000,20866.033
NSYS,4.68,0.0021367979,0.0021367979,0.25670645,993036,4.8221884,4.846837,,0,0,0.0001,1000,9187.634
HUNT,10.15,0.0009852314,0.0009852314,0.7006173,9679825,9.979111,9.957442,,0,0,0.0001,227,17001.3
GRBK,8.33,0.120192304,0,2.3645012,48356124,8.454775,8.467636,,0.01,0.120192304,0.01,1889,127952.47
SRTS,5.94,2.2375214,0,0.29400462,10686972,5.7610846,5.7729716,,0.13,2.2375214,0.13,306,82867.836
RNGR,7.41,0.5427408,0,0.46403712,5033314,7.6047163,7.531798,,0.04,0.5427408,0.04,200,9301.134
GCAP,7.25,0.13812155,0,4.3108644,32428664,7.248101,7.2468057,,0.01,0.13812155,0.01,10725,550692.2
AUDC,10.47,0.19138756,0,2.1199915,19652960,10.46498,10.437979,,0.02,0.19138756,0.02,1000,257165.7
TMST,10.78,0.37243947,0,3.585047,35879644,10.727277,10.671321,,0.04,0.37243947,0.04,49792,383479.88
WOW,9.38,0.21367522,0,2.8736405,24169250,9.539215,9.544181,,0.02,0.21367522,0.02,7266,265460.3
IDRA,6.76,0.14814815,0,2.9596767,21707036,6.9582806,7.003484,,0.01,0.14814815,0.01,3002,223876.47
ONTX,4.04,1,0,0.58512163,5393610,3.9017086,3.8914194,,0.04,1,0.04,409,95446.53
SGU,9.56,0.10471204,0,0.7441688,46789732,9.659847,9.690296,,0.01,0.10471204,0.01,201,40300.867
CVRR,14.4,0.27855152,0,3.1610024,28422130,14.424984,14.421336,,0.04,0.27855152,0.04,4390,392174.66
JNCE,4.2099,0.23571429,0,1.0454783,27717944,4.2621803,4.2495394,,0.0099,0.23571429,0.0099,1400,338840.7
DSWL,3.0752,0.49673203,0,0.07684623,6632955,3.173363,3.17245,,0.0152,0.49673203,0.0152,2600,19609.5
EVLO,9.8,1.344364,0,0.66401064,29151996,8.946156,8.803121,,0.13,1.344364,0.13,800,28027.566
EVK,3.95,1.0230179,0,1.4587892,4220789,3.6909351,3.583691,,0.04,1.0230179,0.04,600,5051.967
ABDC,6.37,0.1572327,0,0.6208728,12631432,6.3787885,6.3892174,,0.01,0.1572327,0.01,865,71193.5
GARS,7.46,0.4037685,0,1.3544018,15794108,7.446002,7.4208074,,0.03,0.4037685,0.03,900,38722.535
CASA,14.8,0.20311442,0,2.1907682,27703136,14.993139,14.997166,,0.03,0.20311442,0.03,4357,426808.8
TOCA,11.53,0.3481288,0,1.369863,18261280,11.555104,11.567775,,0.04,0.3481288,0.04,1000,138594.2
SHLO,7.92,0.38022813,0,0.2071251,13974278,7.9996953,8.003913,,0.03,0.38022813,0.03,1762,45517.133
BSTI,5.51,0.18181819,0,3.5242414,45000000,5.496301,5.5012407,,0.01,0.18181819,0.01,16239,975353.7
VRA,10.75,0.04653327,0,1.9685112,22309764,10.713841,10.685147,,0.005,0.04653327,0.005,8502,378508.97
RMTI,3.59,0.2793296,0,3.9815025,45963836,3.568706,3.568131,,0.01,0.2793296,0.01,10547,178107.3
CUE,4.94,0.20283976,0,1.2850082,15854055,5.0670094,5.1168914,,0.01,0.20283976,0.01,858,100455.3
EXPI,10.02,0.2,0,1.0795834,20699496,10.417274,10.455976,,0.02,0.2,0.02,1130,195157.2
SIF,4.89,0.20491803,0,3.2012734,2061278,5.0401907,5.064879,,0.01,0.20491803,0.01,1810,2416.7334
BPI,7.8,0.1283697,0,2.2770314,24499060,7.8423195,7.8430514,,0.01,0.1283697,0.01,3559,166378.5
FLY,12.2,0.082034454,0,4.981341,26537168,12.230435,12.2128105,,0.01,0.082034454,0.01,3871,74686.234
SGRY,13.24,0.07558579,0,1.7640932,18369816,13.177993,13.149198,,0.01,0.07558579,0.01,4403,336068.16
FPRX,12.22,0.16393442,0,5.403057,34328730,12.253601,12.285472,,0.02,0.16393442,0.02,8519,312802.62
ESCA,11.94,1.1864407,0,0.45065343,9568507,11.9338455,12.058422,,0.14,1.1864407,0.14,300,7707.033
AKBA,7.44,0.13458951,0,2.788331,47708212,7.3926396,7.394563,,0.01,0.13458951,0.01,24249,629780.4
PER,2.2,0.456621,0,0.35660598,39375000,2.1901555,2.198422,,0.01,0.456621,0.01,427,366988.9
DGLY,2.9375,1.6435986,0,0.13691129,8833583,2.8900223,2.8992355,,0.0475,1.6435986,0.0475,200,83499.766
AVID,6.25,0.16025642,0,7.967284,38987520,6.216083,6.2227907,,0.01,0.16025642,0.01,23525,179389.47
GILT,9.51,0.10526316,0,0.44070512,29415658,9.92734,9.972222,,0.01,0.10526316,0.01,427,19235.3
BBW,7.64,1.0582011,0,1.0367472,13973141,7.681689,7.7235665,,0.08,1.0582011,0.08,742,59319.934
VOC,4.39,1.1520737,0,0.373354,12747750,4.0760655,4.0699244,,0.05,1.1520737,0.05,900,54913.2
AVXL,2.25,0.89686096,0,2.7423682,43082024,2.2934215,2.3206494,,0.02,0.89686096,0.02,3270,269279.9
SVA,7.37,0.13586956,0,0.29559562,23703186,7.307003,7.3008657,,0.01,0.13586956,0.01,600,25350.6
ASUR,5.51,0.09082652,0,1.822025,13180525,5.565265,5.511171,,0.005,0.09082652,0.005,4310,358091.72
CSSE,9.1,0.5524862,0,0.19936204,3773736,9.276593,9.198749,,0.05,0.5524862,0.05,933,15926.833
NK,1.77,0.5681818,0,2.4187505,27388352,1.784094,1.7705585,,0.01,0.5681818,0.01,2776,936554.6
HX,4.37,0.2293578,0,1.791914,47478964,4.392942,4.362736,,0.01,0.2293578,0.01,1600,169591
ATEC,2.665,0.5660377,0,2.5980754,32381420,2.7123578,2.716146,,0.015,0.5660377,0.015,1404,77441.3
LONE,6.95,0.14409222,0,3.5064936,18336620,6.926011,6.949032,,0.01,0.14409222,0.01,3456,170558.14
RMNI,5.115,0.09784736,0,0.18419598,30948112,5.208695,5.1706796,,0.005,0.09784736,0.005,1231,41602.1
RTW,3.75,0.26737967,0,2.6767004,30685652,3.7206376,3.7233884,,0.01,0.26737967,0.01,1405,116589.266
CRR,4.53,0.110497236,0,1.9673415,22712900,4.510096,4.5050344,,0.005,0.110497236,0.005,3265,370053.72
LOACU,10.15,0.39564788,0,1.1764706,2600000,10.193129,10.215467,,0.04,0.39564788,0.04,200,19054.5
RCUS,10.95,0.73597056,0,1.5541482,36683400,11.218025,11.238008,,0.08,0.73597056,0.08,2454,184360.83
XPER,13.5,0.22271715,0,4.4958277,47469480,13.558393,13.546329,,0.03,0.22271715,0.03,7758,361242.94
INFU,3.43,1.179941,0,0.5257624,15254864,3.3368342,3.3193376,,0.04,1.179941,0.04,500,14347.1
APTO,2.17,0.9302326,0,2.456332,33106724,2.1864176,2.196346,,0.02,0.9302326,0.02,2700,170109.9
CMRX,3.35,0.2994012,0,2.6598933,49471210,3.339668,3.3371665,,0.01,0.2994012,0.01,2042,185963.8
XONE,8.11,0.37128714,0,1.2561938,9672931,8.148213,8.098798,,0.03,0.37128714,0.03,3600,218208.36
OSBC,14.7,0.06807352,0,3.8155935,28318764,14.66243,14.692328,,0.01,0.06807352,0.01,2305,89063.63
NVUS,3.67,0.5479452,0,0.09536525,7240176,3.8484056,3.9753506,,0.02,0.5479452,0.02,385,19380.7
ESTE,6.87,0.2919708,0,1.7416071,19079464,7.0074935,6.971026,,0.02,0.2919708,0.02,12352,134973.1
FLWS,12.48,0.2007226,0,4.017902,24512608,12.46643,12.456754,,0.025,0.2007226,0.025,4803,259742.36
TWLV,9.8,0.51282054,0,1.8563834,18911000,9.595626,9.585353,,0.05,0.51282054,0.05,2200,48734.7
VXRT,2.665,4.509804,0,2.669221,3993956,2.6251469,2.6147056,,0.115,4.509804,0.115,1672,84969.734
PHIIK,4.04,0.24813896,0,0.94850534,11394814,4.0040603,3.981157,,0.01,0.24813896,0.01,3100,188390.3
REED,2.45,1.659751,0,0.27027026,17730126,2.5029767,2.5117154,,0.04,1.659751,0.04,200,72040.47
NFBK,13.59,0.0736377,0,6.45933,43389896,13.648626,13.680147,,0.01,0.0736377,0.01,2700,93901.93
AVDL,3.02,0.33222592,0,1.2845215,35643816,3.0376844,3.0246975,,0.01,0.33222592,0.01,1600,177890.73
CDLX,14.47,0.20775624,0,4.5612764,16759471,14.601711,14.723564,,0.03,0.20775624,0.03,1258,138052.97
GPX,13.93,0.14378145,0,2.8553197,15937619,14.215372,14.36846,,0.02,0.14378145,0.02,3580,66721.47
ACRS,8.35,0.179964,0,2.1805692,37261210,8.390232,8.390811,,0.015,0.179964,0.015,7777,569906.3
ESXB,8.43,0.47675803,0,0.5,21201290,8.516993,8.515916,,0.04,0.47675803,0.04,854,20725.166
JAX,9.13,0.21953897,0,1.3580806,14356185,9.022507,8.961783,,0.02,0.21953897,0.02,1200,100668.9
SDPI,1.93,0.5208333,0,3.180272,11034857,1.9377412,1.942849,,0.01,0.5208333,0.01,4301,499306.7
PRTK,7.07,0.07077141,0,2.8240724,31363130,7.1502833,7.161513,,0.005,0.07077141,0.005,7344,620914.3
UQM,1.19,1.7094017,0,1.25,43469612,1.1861272,1.1946836,,0.02,1.7094017,0.02,2400,94136.97
CNAT,4.49,0.4474273,0,2.4649408,29150688,4.521739,4.523653,,0.02,0.4474273,0.02,5818,592134.5
PFNX,4.01,0.25,0,3.402062,28523718,4.1421,4.110123,,0.01,0.25,0.01,1650,60055.5
VBLT,1.15,0.4366812,0,0.22727273,26337972,1.1654619,1.1678505,,0.005,0.4366812,0.005,700,100756.2
OOMA,13.58,0.22140221,0,2.6129856,18313332,13.669311,13.701386,,0.03,0.22140221,0.03,5429,53642.3
PQG,14.33,0.27991602,0,3.4280303,37065050,14.326001,14.294252,,0.04,0.27991602,0.04,3077,223131.9
GECC,8.39,0.23894863,0,2.2714367,8568982,8.251627,8.235653,,0.02,0.23894863,0.02,400,213625.4
LIND,12.95,0.15467905,0,0.29498526,25387776,13.061388,13.12041,,0.02,0.15467905,0.02,1520,123891.53
MMLP,11.02,0.18181819,0,1.0050864,32198816,10.914067,10.893331,,0.02,0.18181819,0.02,988,226564.1
ZYNE,4.92,0.61349696,0,1.9252638,14794950,5.001988,4.999975,,0.03,0.61349696,0.03,5147,307060.1
UBX,12.28,0.08149959,0,0.78640383,37939236,12.148642,12.08785,,0.01,0.08149959,0.01,391,100182.5
CSBR,11.28,0.3558719,0,2.330777,8768988,11.042517,11.136364,,0.04,0.3558719,0.04,2097,127016.9
HTGM,3.35,0.2994012,0,1.1218714,26276050,3.3737519,3.374864,,0.01,0.2994012,0.01,4796,351836.2
BVX,6.17,0.6525285,0,0.22065313,29347202,6.1890883,6.2466135,,0.04,0.6525285,0.04,200,127843.336
BXG,14.15,0.6401138,0,3.494304,7384176,13.540211,13.494264,,0.09,0.6401138,0.09,15275,71442.266
CMT,7.44,0.5405405,0,2.4518304,7261779,7.307936,7.2576027,,0.04,0.5405405,0.04,509,30040.268
CENX,8.85,0.16977929,0,3.0029824,49428012,8.817491,8.787754,,0.015,0.16977929,0.015,34234,2075193.5
AAC,2,0.25062656,0,1.5683063,12185083,1.9791714,1.9740905,,0.005,0.25062656,0.005,8905,535164.94
ATNX,12.61,0.15885623,0,1.9755024,42504536,12.817874,12.944258,,0.02,0.15885623,0.02,5161,294774.84
GRIN,6.8,0.1472754,0,1.534852,15541093,6.9498177,7.0566974,,0.01,0.1472754,0.01,1799,29986.867
NDLS,9.17,0.1091703,0,3.7287853,33741944,9.21619,9.196885,,0.01,0.1091703,0.01,8964,644548.6
BWB,12.02,0.08326395,0,1.6205084,25419656,11.768225,11.750968,,0.01,0.08326395,0.01,1141,45326.266
WATT,7.76,0.38809833,0,2.3675642,19811900,7.930371,7.964516,,0.03,0.38809833,0.03,8943,436195
LIVX,4.6,0.877193,0,0.7663287,27666622,4.731501,4.836568,,0.04,0.877193,0.04,650,42791.2
CYRX,11.025,0.22727273,0,1.1816996,28846174,10.860206,10.837858,,0.025,0.22727273,0.025,2991,184938.83
GEMP,1.22,0.8264463,0,0.77731645,10897231,1.1961156,1.1727995,,0.01,0.8264463,0.01,2359,140172.2
QNST,14.85,0.10111223,0,1.5176502,43942590,14.894433,14.932035,,0.015,0.10111223,0.015,7859,1015647.06
CALA,4.54,0.21853822,-0.0022074569,0.7580409,35830572,4.6401415,4.6479535,,0.01,0.22075056,0.0099,1605,362821.06
ADMP,2.67,0.24780355,-0.022527596,3.7881324,45109412,2.618902,2.6021335,,0.0072,0.27039206,0.0066,4073,342046.62
EGAN,7.03,0.11250196,-0.029905584,4.473773,21929236,7.0611873,7.0683465,,0.01,0.14245014,0.0079,3983,268878.66
RARX,14.56,0.034352455,-0.034352455,1.6155572,30577738,14.72248,14.789864,,0.01,0.06872852,0.005,1512,283912.47
CURO,13.41,0.037299514,-0.036553524,3.0705345,15926157,13.496648,13.500687,,0.0099,0.07388005,0.005,7801,395202.4
WSC,13.56,0.03688676,-0.03688676,4.045725,44486620,13.495226,13.487425,,0.01,0.073800735,0.005,26243,830199.94
CREG,1.04,0.4636785,-0.038639877,0.3518295,5555264,1.0597532,1.0645765,,0.0052,0.5025126,0.0048,700,802253.56
OPESU,10.289,0.046673536,-0.040839344,1,13995100,10.157829,10.129478,,0.009,0.087548636,0.0048,200,1842
WLH,12.03,0.04158004,-0.04158004,2.3959315,31567682,12.032776,12.015538,,0.01,0.08319467,0.005,9399,884087.25
REVG,11.58,0.21635656,-0.04327131,7.2339125,27198110,11.609847,11.615548,,0.03,0.25974026,0.025,8285,415889.72
CSPI,12.0525,2.553521,-0.045948062,0.40816328,2993753,11.350741,11.192253,,0.3055,2.600664,0.3001,200,4975.3
BEDU,10.87,0.4157044,-0.046189375,1.755618,0,10.765137,10.741803,,0.05,0.4621072,0.045,500,196778.06
KEYW,8.7,0.05750431,-0.05750431,3.3333333,48006730,8.650144,8.657847,,0.01,0.1150748,0.005,9005,368472.8
EROS,8.71,0.28785262,-0.057570525,2.2030215,35334376,8.803895,8.754069,,0.03,0.34562212,0.025,11155,374799.88
QIWI,14.71,0.06802721,-0.06802721,1.705242,11880000,14.7041025,14.744825,,0.02,0.13614704,0.01,1363,205723.2
GSVC,6.64,0.07535795,-0.07535795,2.4444444,19694088,6.684005,6.735321,,0.01,0.15082957,0.005,495,81081.87
GAIA,12.32,0.3257329,-0.08143322,3.2796133,11997627,12.313382,12.371853,,0.05,0.40749797,0.04,2035,117687.4
TTS,6.12,0.08176615,-0.08176615,2.8456597,39070828,6.079879,6.076743,,0.01,0.16366611,0.005,8107,585169.75
SXCP,12.1,0.16556291,-0.08278146,0.9449563,16505516,12.194965,12.200842,,0.03,0.24855012,0.02,400,150845.67
KURA,11.58,0.08643042,-0.08643042,2.7983673,30977658,11.57747,11.598973,,0.02,0.17301038,0.01,6856,323526.6
MBOT,1.8431,0.6278663,-0.087355316,3.8718748,1849372,1.7965161,1.7833,,0.0131,0.715847,0.0115,12529,142745.03
GLBS,4.93,0.4216487,-0.08758886,3.6100545,1084323,4.7155848,4.6627665,,0.025,0.50968397,0.0207,10154,379885.9
OPTN,8.56,0.2635432,-0.08784773,2.3137405,13674823,8.55512,8.511718,,0.03,0.3516999,0.0225,5444,223412.3
WNEB,9.76,0.102564104,-0.102564104,0.61728394,26372492,9.837067,9.863737,,0.02,0.2053388,0.01,1000,54390.133
HMI,9.2,0.21786493,-0.108932465,5.0009246,39600000,9.338122,9.348358,,0.03,0.32715377,0.02,5408,83866.4
CBLI,1.7419,0.57740057,-0.109706104,0.098483354,4728884,1.7528182,1.725027,,0.0119,0.68786126,0.01,1600,5726.067
SPKE,8.88,0.5662514,-0.113250285,3.7777896,11048826,8.752876,8.743564,,0.06,0.6802721,0.05,7069,131925.6
NESR,8.7,0.5780347,-0.115606934,0.5678592,36050772,8.732181,8.666575,,0.06,0.6944444,0.05,600,43225.633
SYBX,8.32,0.24096386,-0.12048193,3.9277298,21417800,8.569355,8.639826,,0.03,0.3618818,0.02,1500,109792.7
FRD,7.9,1.1523688,-0.12804097,0.12820514,6872872,8.056852,8.075652,,0.1,1.2820513,0.09,200,23484.633
ZSAN,3.765,0.5340454,-0.13351135,2.0895522,10137257,3.791035,3.7819445,,0.025,0.6684492,0.02,700,89404.5
HIVE,3.7299,0.4010767,-0.13458951,5.707263,42456656,3.7318795,3.7329016,,0.0199,0.53638816,0.0149,8243,260800.7
HBMD,14.97,2.2540984,-0.13661203,0.6830601,12561216,15.171883,15.251963,,0.35,2.3939807,0.33,300,26804.066
CLAR,10.47,0.14347202,-0.14347202,1.515503,20768284,10.702055,10.763177,,0.03,0.28735632,0.015,1437,115558.164
PRGX,9.34,0.32223415,-0.16111708,2.1203072,22571024,9.193069,9.14455,,0.045,0.48413125,0.03,2485,64712.168
FRED,2.92,0.5163511,-0.17211704,2.7894511,35588132,2.923726,2.9182475,,0.02,0.6896552,0.015,5881,913007.8
CJJD,2.25,0.48680273,-0.18310928,0.26799867,13424296,2.1551375,2.1203444,,0.015,0.67114097,0.0109,727,258041.9
MSL,12.89,0.07763975,-0.19409938,0.34234852,14645268,12.906861,12.863655,,0.035,0.2722676,0.01,1000,36762.7
MLP,12,0.1393606,-0.19443727,0.28169015,6685847,11.657298,11.620649,,0.04,0.33444816,0.0167,623,12524.8
LMFA,1.4372,0.29309142,-0.20935102,1.8826828,788888,1.4799471,1.4813075,,0.0072,0.5034965,0.0042,1746,711687.3
MGI,2.1,0.23866348,-0.23866348,2.7127094,29535608,2.0943577,2.094799,,0.01,0.4784689,0.005,17848,645310.94
ZDGE,2.91,0.08942698,-0.25452295,0.30295685,7591184,2.609424,2.6303296,,0.01,0.3448276,0.0026,2368,23254.367
CWBR,3.61,0.55710304,-0.27855152,5.4965878,28533464,3.4655242,3.4184866,,0.03,0.83798885,0.02,8296,66276.4
VTVT,1.66,0.28999516,-0.31416142,1.3095238,6994832,1.689698,1.683211,,0.01,0.6060606,0.0048,1100,1253607.9
HOS,3.13,0.32051283,-0.32051283,2.1601942,32543042,3.3234527,3.301004,,0.02,0.6430868,0.01,1300,162166.7
AXSM,3.13,0.6430868,-0.3215434,2.6506023,20749336,3.1591005,3.1961865,,0.03,0.9677419,0.02,924,309225.53
RELV,4.9245,0.15253203,-0.32540166,1.7094017,1212245,4.836682,4.830674,,0.0235,0.47949398,0.0075,462,3403.8
ZYME,11.96,0.08368201,-0.33472803,6.5109177,23008774,12.299189,12.588857,,0.05,0.41981527,0.01,10019,98252.13
GHG,12.94,0.15479876,-0.3482972,1.1806376,1,12.570027,12.503328,,0.065,0.5048544,0.02,200,90918.03
JASN,1.99,3.8188648,-0.35475793,5.5085483,21163010,1.996057,1.9846334,,0.08,4.188482,0.0732,3802,119426.7
ANY,6.61,0.52314615,-0.38931808,2.379814,1552992,6.944201,7.0126324,,0.06,0.9160305,0.0344,32553,2790126.8
AQXP,2.38,0.0042018574,-0.41598386,1.441287,23461282,2.3077757,2.2967005,,0.01,0.42194092,0.0001,4372,121385.2
RMBL,5.87,0.17064847,-0.42662117,0.8902077,10116487,5.9255476,5.979083,,0.035,0.5998286,0.01,300,150020.03
KMPH,2.3,0.004348015,-0.4304535,1.0574658,23356200,2.4157865,2.4462676,,0.01,0.4366812,0.0001,1347,276595.8
SIFI,13.74,0.14577259,-0.4373178,2.7777777,10980156,13.571867,13.544741,,0.08,0.5856515,0.02,500,23118.133
TACT,10.32,0.4379562,-0.4379562,0.22909507,7034696,10.519273,10.48177,,0.09,0.8797654,0.045,200,30981.467
OTIC,2.28,0.44052863,-0.44052863,2.773925,28381908,2.3315947,2.345543,,0.02,0.88495576,0.01,800,82977.6
CAAS,2.5,0.40160644,-0.44176707,2.1620913,12386451,2.2558188,2.202348,,0.021,0.84711576,0.01,3300,38563.934
DLNG,4.4,0.22779043,-0.45330295,4.292453,19895000,4.486102,4.479309,,0.0299,0.68419486,0.01,6370,230837.7
NITE,14.86,0.06397091,-0.4747315,1.6162549,27819708,15.075251,15.132175,,0.08,0.541272,0.0095,700,166548.77
PZG,1.02,0.009804883,-0.48043925,0.08937349,15230801,1.0492911,1.049684,,0.005,0.49261084,0.0001,700,18111.666
GMDA,14.4303,0.071428575,-0.48335645,4.4272447,12376353,13.595238,13.761702,,0.08,0.5574796,0.0103,715,
EIGR,9.93,0.3030303,-0.5555556,1.9808834,18797616,9.761298,9.78305,,0.085,0.8633824,0.03,1803,162963.2
MBRX,1.3799,0.8182947,-0.63563967,3.3895237,20190578,1.3651603,1.360594,,0.0199,1.4632353,0.0112,3559,134198.7
YECO,5.83,0.5259074,-0.6810932,0.049719088,1090079,5.7721257,5.7651024,,0.07,1.2152778,0.0305,4925,2810558.8
CHRA,6.43,0.15576324,-0.7788162,0.7093608,27852860,6.550959,6.5630074,,0.06,0.9419152,0.01,1214,60219.668
WTT,1.68,0.9009009,-0.9009009,1.9821241,17949058,1.7326051,1.743697,,0.03,1.8181819,0.015,1508,21449.9
TAT,1.02,0.019611688,-0.9609727,0.20597322,29721064,1.0152099,1.0111293,,0.01,0.990099,0.0002,5400,113027.43
TGLS,9.21,0.21762785,-0.97932535,1.1997601,14033304,8.797837,8.762353,,0.11,1.2087913,0.02,400,30708.334
EVOK,2.555,0.5905512,-3.1496062,0.042450227,16437882,2.5193622,2.5061574,,0.095,3.8617885,0.015,2836,40280.633
CARV,4.4228,2.6171694,-3.712297,4.82409,1367269,4.450457,4.4256535,,0.2728,6.573494,0.1128,4758,24238.8
AAME,2.8225,2.872034,-4.8729815,1.5789474,3980241,3.0224037,3.135672,,0.2125,8.141763,0.0788,600,5382.033